spam_prob,ham_prob
0.35303700255992554,0.6469629974400745
