spam_prob,ham_prob
0.37021969080553296,0.629780309194467
