spam_prob,ham_prob
0.13394660085259144,0.8660533991474085
